{"version":2,"hash":{"type":"Buffer","data":"Gehbmy0jeHbFAFJglBVwJopKgs/PG4/lNLjj3uuFvzQHrR+QEYPYaFeJgE1uh2PcB5VjoZOHL3rhmKaVVCOEMbXNpqjLJY4WKhy608MJM59GwkkLNQMHqs/3vx494MTuHIXrgNYaghyANOoMcEzVz3GWG2reUUK9rnzI3lwsba4="},"indexValueMap":{"FgYGXuWYBjbYNvokVVYhvwdGghmwXtj+FEEnjiKv4z0=":{"valueMac":{"type":"Buffer","data":"W5zWdHb0azapAkkxfSIiryPKrOz1PMUly2aRtaNIA4M="}},"jX3MqKpF73wY1LOC3xNgr+T8zzkmMtEEJOJZq0lqHKA=":{"valueMac":{"type":"Buffer","data":"eVwwYm6UQ7xlifOsa4uNKKE3073BcND57FTe+YrC++Y="}},"FEq8HOfSX+nGNMQ378sMbaVIc6SMTy2njl61fNxpVWo=":{"valueMac":{"type":"Buffer","data":"ZrsXELKa/A4z8iGTfXzWtBA5OUBG4Nhtt9UpdoMqGGo="}},"1B2TAjsh0FNvMFcxJhiZPKOTh9gIJORN5hM83uHEQgg=":{"valueMac":{"type":"Buffer","data":"gCqw3T6ff3pa8GkFU3GxnbBvdbIhEaNyNrYcrGHHpVI="}},"mLCWtY727ilrhfE3PWYIqQIFFn5D5m9gE+Z4q0LBFpI=":{"valueMac":{"type":"Buffer","data":"ET6D2MhK7oWv9SC3mUC2xJrVFYwW2KCQ4zaBz1d66VU="}},"Z8YzoqRC1Xpjxdep1yBjZHakybarR3UqCz8XXDVLfHA=":{"valueMac":{"type":"Buffer","data":"+ElarjdsRZ5WQCRaBMCPv7Ed2ig/nfs2+1/i0KAPtjI="}},"G0odLQRBgHmVp8rhBpE0ZGB5QvORh5Yk7GWUCzSJ+bw=":{"valueMac":{"type":"Buffer","data":"lHijRBWABAveqlLZZeIVululya+qh4sYI0SsB9wSLK8="}},"vEn+rjVD+FiWRBUo/i6DVibR/9Ubg91XOnJBvMMBCRY=":{"valueMac":{"type":"Buffer","data":"XKUhTVYd0jhhc2IJBwaqf26KGDv72nQJFM31iW3shkE="}},"pmdEJASsDxN+Ks94lLdyQD1n76UhsPvfpPdOGa408Uw=":{"valueMac":{"type":"Buffer","data":"gkuxrX0ONgzif0pPsSgv/pldL1qSDh2q+4ijBcx+3GA="}},"kKgVGBuA2pY/K2dG3D604Y9h6+a/nPbpcvNXoc8zMIc=":{"valueMac":{"type":"Buffer","data":"2kAW7Hn/ORaDxg9VZCiZQikD6YqiBuRz+UweJgvPvOk="}},"ZxzGJ/aB9IYGHJlLEYCLxCEsueljlI3xmecZqbNEi6Q=":{"valueMac":{"type":"Buffer","data":"QULvshelJ1YPHg0I+MhC996+IU6t8hM2N96yvHbCftg="}},"Jsb0lO62FzePLiqD1VyIQ+9QXW5Mfc9O8ibLgRokTwU=":{"valueMac":{"type":"Buffer","data":"2YlFlAfbbI6EBnjTbvWqn/X4gP1mvjrv8n3JT3nTdKI="}},"AZlHOzlwyQsKmXltCi7Fho+79Vv3toNtwONXZsEQcfo=":{"valueMac":{"type":"Buffer","data":"0bAxxWAvzoPlmoYg+ecur7aiTbnruGlzGdfF2jyFnhA="}},"jrSqpxEVvGJy3Z94d0twRaRC7mJV3FAvZRYmxux+7iI=":{"valueMac":{"type":"Buffer","data":"Yzibugi3xLIopfQdEa/htIiqMTjvjnFPjf09aS6yyGE="}},"9316oxQYJ2uS7qg6BRaYcAS1hlVPqictGEtpzZMK85I=":{"valueMac":{"type":"Buffer","data":"38qxmsb1rWw7HZ2Ad07NwUPYe9Qf4nj/G+vOVpvB5sI="}},"o1W1xKHMo5Nhkq4tV4aXuBB1OPm/gNhfpxnjZBku9rw=":{"valueMac":{"type":"Buffer","data":"7SyaDBE83BxllA+0+bNkeUxLF27/baOO3a1BtFnJr5k="}},"XP23sMEhE4IgDrEPDbwgtkQ/N/oAMQL1V0KKrFYnkEI=":{"valueMac":{"type":"Buffer","data":"VoWVRfIZvyvswt/4JXceZb8wCTJKk3wjIPmdCrfTXug="}},"D0FYVYzemfIrIBNEzseMu1oVbdmXDGzRmBsLADBxD5A=":{"valueMac":{"type":"Buffer","data":"uzcURCOc0VCR/VcT78Jo6j1T+Ae19WPtwcR9uAzNr9U="}},"sGm6TaF7DSPrCyGFe0DUjeBSHrlysuXwePEi/VvZtwY=":{"valueMac":{"type":"Buffer","data":"YfB4llEuVgQj/1WATAJbq5LOCBsu+4ZqneF3R+pcfQQ="}},"mDBwRXcFC5gIZVkuQGzfno8q3MKSNmBMbcoBsZ//LmQ=":{"valueMac":{"type":"Buffer","data":"iKoNqAJecnCTB+iTAoIB+uqC1zF24Qz5d5bbYZI262E="}}}}