{"noiseKey":{"private":{"type":"Buffer","data":"CNYJZe5lSqVc1zscLNuiTdM7AU0M7BDxBH57W7enHlg="},"public":{"type":"Buffer","data":"72N11Pl+MKMXRWbhV2wd1/hBlHJ8Zsgv9kKF2s+RvXw="}},"pairingEphemeralKeyPair":{"private":{"type":"Buffer","data":"MEjWxzrO7HClR3GayZ4YDETvlRRi2Dc0czQTj2reQV0="},"public":{"type":"Buffer","data":"higsgpXERFpGkuO8IKrP33X0fEFadGnof6zj35wqrBE="}},"signedIdentityKey":{"private":{"type":"Buffer","data":"CA6W0V1scI2mD7vBssujUkMTF7DxBIKOzfZaLGWxNV8="},"public":{"type":"Buffer","data":"6w3uUsCrtFPKj+L7TSzVf+j7onb1z+/x9btZSM3Y8lo="}},"signedPreKey":{"keyPair":{"private":{"type":"Buffer","data":"OEyLkcCIaWmxRlmR7XitWLIU9rF7+4aDZhk4+ewESHw="},"public":{"type":"Buffer","data":"KcqR/AYv+/NHMBamAXb5KlOBijslqC8L1hf3mEjrRWM="}},"signature":{"type":"Buffer","data":"xuWz4m6etcrKcw18Xsk7U952mnXCvCGkCJAAMWXUk9AG8Eu7X93FZn7ygGLehgsTH5jQxbJPX9KN8zrZHCkjBg=="},"keyId":1},"registrationId":245,"advSecretKey":"HjabFsj6RmCxZentDOFAlzSFwMtuciwNU8ZpSAtUpSw=","processedHistoryMessages":[{"key":{"remoteJid":"6285723701289@s.whatsapp.net","fromMe":true,"id":"2ECCDED60B119EE4D205F78C2872F8B0"},"messageTimestamp":1713825395},{"key":{"remoteJid":"6285723701289@s.whatsapp.net","fromMe":true,"id":"D7CD191CF766B92B43501B56210C04ED"},"messageTimestamp":1713825395}],"nextPreKeyId":31,"firstUnuploadedPreKeyId":31,"accountSyncCounter":1,"accountSettings":{"unarchiveChats":false},"deviceId":"qPp-WlWWT6GqkUA9Andjlg","phoneId":"080cfdce-5dc5-45bb-888b-6677c9b1495e","identityId":{"type":"Buffer","data":"ixka8m70RRvnj5s330j5f3/s2RA="},"registered":false,"backupToken":{"type":"Buffer","data":"YGePr2c9QuYoXS1DYRA8HwRQyZY="},"registration":{},"account":{"details":"CKqYqycQ68ybsQYYASAAKAA=","accountSignatureKey":"dCghPnNaWXesPhceWTzs/JHAj649daNM157zvCvwakI=","accountSignature":"g0nxMKRc3DSf1rPv1dM+jX8nDUaeaL8xh79a/pTZbToIJZo6YjOpEiGMADXxMEHgwgZBOys0qCFW4uTtarIXCg==","deviceSignature":"tpHnGPlrkwBFJEikIVwB0rlDSGb8D6moHutFbcEOWsmkEbPYv2iCFKHtIUfJhDr/lg5TIsnMDgx1e/w0cnYKDg=="},"me":{"id":"6285723701289:15@s.whatsapp.net","name":"SHOP AI","jid":"6285723701289@s.whatsapp.net"},"signalIdentities":[{"identifier":{"name":"6285723701289:15@s.whatsapp.net","deviceId":0},"identifierKey":{"type":"Buffer","data":"BXQoIT5zWll3rD4XHlk87PyRwI+uPXWjTNee87wr8GpC"}}],"platform":"smba","lastAccountSyncTimestamp":1713825392,"myAppStateKeyId":"AAAAAG+Q"}