{"_sessions":{"BUk5UFCzxzp3nVfQD83j5iHm76d244vZzE7PvZFPXCMM":{"registrationId":1569563731,"currentRatchet":{"ephemeralKeyPair":{"pubKey":"BUTyxDb+kjz62HbaxkRhCo+RG0JxtymI6oiKon3mmUUy","privKey":"oLMv/1E6GcGOb/f82B+oVCWtL6UXpVvu8m5L2gG5dnU="},"lastRemoteEphemeralKey":"BRTFax6PaZb0euT6P3gegTxOnIhB3rURhAzO43B7TwEi","previousCounter":0,"rootKey":"/x1KZCdooevEe4jpjiu2C6C1r+0enuFy1N36Xp5fr4I="},"indexInfo":{"baseKey":"BUk5UFCzxzp3nVfQD83j5iHm76d244vZzE7PvZFPXCMM","baseKeyType":2,"closed":-1,"used":1713825393626,"created":1713825393626,"remoteIdentityKey":"BXQoIT5zWll3rD4XHlk87PyRwI+uPXWjTNee87wr8GpC"},"_chains":{"BRTFax6PaZb0euT6P3gegTxOnIhB3rURhAzO43B7TwEi":{"chainKey":{"counter":5,"key":"7gU+oeTVJX6sPcbYF4LRCCq4MSX3ThFXrlESPSt19mU="},"chainType":2,"messageKeys":{}},"BUTyxDb+kjz62HbaxkRhCo+RG0JxtymI6oiKon3mmUUy":{"chainKey":{"counter":-1,"key":"ftzDXycv++KrRrGLoLYeZupX5ROFh3MOw0lid8/puLA="},"chainType":1,"messageKeys":{}}}}},"version":"v1"}